dfsaidr,Raymond,Salisbury,Salisbury Machinery Ltd
Mrs,Xena,Fletcher,Fletcher Vans Ltd
Mr,Reginald,Saddlemore,Saddlemore Lab Equipment Ltd
Ms,Zelda,Griffin,Griffin Exhibitions Ltd
Mr,Patrick,Grant,Grant Powdered Coatings Ltd
Miss,Shirley,Smith,West Side Foods Ltd
Mr,Geoffrey,Johns,Johns Footwear Ltd
Ms,Ursula,Hardy,Hardy Health Products Ltd
Mr,Zak,Fairbank,Fairbank Insulation Services Ltd
Miss,Linda,Oswald,Oswald Home Services Ltd
Mr,Quentin,Austin,Austin Locksmiths Ltd
Mrs,Tiffany,Shaw,Shaw Office Supplies Ltd
Mr,Steven,Hardwick,Hardwick Foodstuffs Ltd
Ms,Lena,Jenkinson,Jenkinson Design Ltd
Mr,Larry,Gilray,West View Traders Ltd
Ms,Noreen,Verne,Verne Scaffolding Ltd
Mr,Frank,Trussell,Northwood Sporting Goods Ltd
Miss,Rena,Caulder,Quality Insulation Services Ltd
Mr,Michael,Timpkins,Timpkins Carpenters Ltd
Ms,Becky,Kingfisher,Kingfisher Caterers Ltd
Mr,Larry,Keating,West Side Vans Ltd
Miss,Megan,Wilton,Wilton Cosmetics Ltd
Mr,Edwin,Dewit,Dewit Sportswear Ltd
Miss,Cynthia,Murphy,Murphy Transport Ltd
Mr,Tyler,Oakey,Oakey Fruit Importers Ltd
Ms,Abby,Rimshaw,Rimshaw Training Ltd
Mr,Curtis,Benson,Benson Coaches Ltd
Mrs,Irene,Smith,Smith Skips Ltd
Mr,Christopher,Collier,Vantage Waste Services Ltd
Miss,Deborah,Caine,Caine Builders Ltd
Mr,Karl,Hogan,Hogan Timepieces Ltd
Ms,Linda,Chapel,West Side Lab Equipment Ltd
Mr,William,Rawlinson,Rawlinson Kitchens Ltd
Ms,Lauryn,Wilkinson,Wilkinson Beauty Treatments Ltd
Mr,Desmond,Metcalfe,Metcalfe Reproductions Ltd
Miss,Geraldine,Rawlinson,County Paper Products Ltd
Mr,Gary,Conway,Conway Supplements Ltd
Mrs,Joanne,Cromwell,Cromwell Aviation Ltd
Mr,Lloyd,Portland,Portland Marine Equipment Ltd
Miss,Norma,Carter,South View Crafts Ltd
Mr,Ryan,Webber,Summit Networks Ltd
Miss,Xena,Ashford,Ashford Coverings Ltd
Mr,Matthew,Jagger,Eastwood Construction Ltd
Ms,Charlotte,Grange,Grange Worktops Ltd
Mr,Albert,Jacobs,Jacobs Advertising Ltd
Ms,Samantha,Morley,Morley Meat Packaging Ltd
Mr,Jonathan,Aitken,Aitken Gardening Services Ltd
Ms,Zelda,Middleton,Silver Promotions Ltd
Mr,Ryan,Hudson,Hudson Business Services Ltd
Ms,Abby,Ashdown,Ashdown Home Services Ltd
hello this is my first lesson
hi againdfs
